{
  "trend": 0.1640984210448272,
  "momentum": 0.21380072728137337,
  "strength": 0.22820580531877918,
  "volatility": 0.09144543067515373,
  "fibonacci": 0.11499918095977911,
  "volume": 0.18745043472008743
}